Node,Coordinates,AdjNodes
0,0.5537803762777369 0.9269837451436018,
1,0.5802945787125191 0.18809132182261412,(Node: 2 Capacity: 1), 
2,0.5320991241668277 0.25067075851819365,
3,0.04082790246625456 0.09293191295259251,(Node: 4 Capacity: 1), 
4,0.01133017354381416 0.13560653494202146,

Source: 4
Sink: 0
