Node,Coordinates,AdjNodes
0,0.2500083938504648 0.48027298742128155,
1,0.7789326614252853 0.25156124504168886,
2,0.8600771551096921 0.7579712989758449,Node: 4 Capacity: 5 
3,0.9427266155549134 0.044018739307015387,
4,0.7998260167416811 0.8735575568056514,Node: 2 Capacity: 5 
Source: 1
Sink: 0
